timestamp,frame,class_id,class_name,confidence,bbox
2025-09-17 23:19:46.950855,37,0,cheating,0.5119138956069946,"[532, 521, 862, 837]"
2025-09-17 23:19:47.021243,38,0,cheating,0.5322668552398682,"[533, 521, 862, 836]"
2025-09-17 23:19:47.099151,39,0,cheating,0.5195755958557129,"[533, 521, 864, 835]"
2025-09-17 23:19:47.171261,40,0,cheating,0.5117924213409424,"[533, 521, 866, 835]"
2025-09-17 23:19:47.244488,41,0,cheating,0.50529944896698,"[534, 521, 865, 834]"
2025-09-17 23:19:47.319381,42,0,cheating,0.5090792775154114,"[533, 520, 865, 833]"
2025-09-17 23:19:47.393166,43,0,cheating,0.5050554871559143,"[533, 520, 865, 832]"
2025-09-17 23:19:48.232386,55,0,cheating,0.5105563402175903,"[542, 523, 873, 826]"
2025-09-17 23:19:48.385760,57,0,cheating,0.5017677545547485,"[547, 524, 876, 830]"
2025-09-17 23:19:48.456979,58,0,cheating,0.5195175409317017,"[548, 525, 876, 826]"
2025-09-17 23:19:48.529352,59,0,cheating,0.5124711394309998,"[549, 524, 876, 832]"
2025-09-17 23:19:48.685668,61,0,cheating,0.5349031686782837,"[551, 523, 878, 831]"
2025-09-17 23:19:48.761105,62,0,cheating,0.531000018119812,"[553, 523, 878, 832]"
2025-09-17 23:19:48.831932,63,0,cheating,0.5026835799217224,"[553, 524, 879, 833]"
2025-09-17 23:19:49.121499,67,0,cheating,0.5169954299926758,"[555, 525, 880, 833]"
2025-09-17 23:19:49.194072,68,0,cheating,0.523851752281189,"[555, 525, 881, 834]"
2025-09-17 23:19:51.272319,95,0,cheating,0.5163699388504028,"[559, 531, 886, 834]"
2025-09-17 23:19:51.350311,96,0,cheating,0.5465955138206482,"[559, 531, 886, 834]"
2025-09-17 23:19:51.425002,97,0,cheating,0.5364969372749329,"[559, 532, 886, 835]"
2025-09-17 23:19:51.507050,98,0,cheating,0.5165042877197266,"[559, 533, 887, 834]"
2025-09-17 23:19:51.585904,99,0,cheating,0.510968804359436,"[559, 535, 887, 834]"
2025-09-17 23:19:51.661992,100,0,cheating,0.518068790435791,"[559, 534, 887, 834]"
2025-09-17 23:19:51.740021,101,0,cheating,0.5567148923873901,"[559, 535, 887, 833]"
2025-09-17 23:19:51.825627,102,0,cheating,0.5605119466781616,"[559, 536, 888, 833]"
2025-09-17 23:19:51.902478,103,0,cheating,0.5687840580940247,"[559, 536, 887, 833]"
2025-09-17 23:19:51.978940,104,0,cheating,0.5762181878089905,"[559, 537, 887, 833]"
2025-09-17 23:19:52.054996,105,0,cheating,0.5699863433837891,"[558, 540, 885, 832]"
2025-09-17 23:19:52.129075,106,0,cheating,0.5890729427337646,"[558, 541, 885, 832]"
2025-09-17 23:19:52.200861,107,0,cheating,0.5882625579833984,"[558, 541, 885, 832]"
2025-09-17 23:19:52.276784,108,0,cheating,0.6170755624771118,"[558, 541, 885, 832]"
2025-09-17 23:19:52.354152,109,0,cheating,0.6331274509429932,"[558, 541, 885, 832]"
2025-09-17 23:19:52.429765,110,0,cheating,0.6250802278518677,"[557, 541, 885, 832]"
2025-09-17 23:19:52.511443,111,0,cheating,0.6379339098930359,"[557, 542, 885, 833]"
2025-09-17 23:19:52.593538,112,0,cheating,0.6236435174942017,"[557, 543, 885, 833]"
2025-09-17 23:19:52.671311,113,0,cheating,0.6007670164108276,"[557, 543, 885, 833]"
2025-09-17 23:19:52.745807,114,0,cheating,0.5638905763626099,"[557, 543, 885, 833]"
2025-09-17 23:19:52.817382,115,0,cheating,0.5403561592102051,"[555, 541, 884, 835]"
2025-09-17 23:19:52.890744,116,0,cheating,0.5568832755088806,"[556, 543, 884, 832]"
2025-09-17 23:19:52.962391,117,0,cheating,0.5421332716941833,"[555, 542, 883, 834]"
2025-09-17 23:19:53.192542,120,0,cheating,0.5400084257125854,"[554, 541, 882, 833]"
2025-09-17 23:19:53.272344,121,0,cheating,0.5052849054336548,"[552, 541, 881, 834]"
2025-09-17 23:19:53.348930,122,0,cheating,0.5008410215377808,"[552, 541, 880, 835]"
2025-09-17 23:19:53.809716,128,0,cheating,0.5222265720367432,"[538, 545, 874, 837]"
2025-09-17 23:19:53.889018,129,0,cheating,0.5217017531394958,"[537, 552, 872, 834]"
2025-09-17 23:19:53.965895,130,0,cheating,0.5385140180587769,"[534, 555, 873, 838]"
2025-09-17 23:19:54.044209,131,0,cheating,0.5538913011550903,"[533, 557, 874, 836]"
2025-09-17 23:19:54.044209,131,0,cheating,0.5062797665596008,"[754, 483, 900, 635]"
2025-09-17 23:19:54.119160,132,0,cheating,0.5571789145469666,"[529, 559, 873, 837]"
2025-09-17 23:19:54.119160,132,0,cheating,0.510386049747467,"[751, 484, 900, 637]"
2025-09-17 23:19:54.276233,134,0,cheating,0.5157305598258972,"[528, 559, 867, 843]"
2025-09-17 23:19:54.355003,135,0,cheating,0.5396416783332825,"[527, 559, 866, 846]"
2025-09-17 23:19:54.355003,135,0,cheating,0.5040857195854187,"[752, 484, 894, 639]"
2025-09-17 23:19:54.430117,136,0,cheating,0.5487880110740662,"[528, 559, 865, 844]"
2025-09-17 23:19:54.430117,136,0,cheating,0.5052450299263,"[751, 484, 892, 639]"
2025-09-17 23:19:54.507804,137,0,cheating,0.5568233132362366,"[527, 558, 864, 845]"
2025-09-17 23:19:54.601421,138,0,cheating,0.5932480692863464,"[527, 557, 862, 845]"
2025-09-17 23:19:54.682070,139,0,cheating,0.5998812913894653,"[527, 557, 862, 840]"
2025-09-17 23:19:54.757391,140,0,cheating,0.6125892996788025,"[527, 556, 861, 837]"
2025-09-17 23:19:54.833532,141,0,cheating,0.6155576109886169,"[526, 556, 860, 835]"
2025-09-17 23:19:54.923303,142,0,cheating,0.6111170649528503,"[525, 556, 859, 837]"
2025-09-17 23:19:55.005822,143,0,cheating,0.6038392782211304,"[526, 554, 859, 836]"
2025-09-17 23:19:55.086611,144,0,cheating,0.5849031805992126,"[526, 553, 859, 833]"
2025-09-17 23:19:55.169192,145,0,cheating,0.5731765031814575,"[525, 551, 857, 833]"
2025-09-17 23:19:55.263780,146,0,cheating,0.5827585458755493,"[526, 551, 859, 831]"
2025-09-17 23:19:55.355329,147,0,cheating,0.5142315030097961,"[527, 550, 860, 830]"
2025-09-17 23:19:55.432897,148,0,cheating,0.5350136160850525,"[527, 551, 859, 829]"
2025-09-17 23:19:55.994941,155,0,cheating,0.5183650255203247,"[529, 545, 870, 830]"
2025-09-17 23:19:56.160925,157,0,cheating,0.5325534343719482,"[532, 547, 873, 818]"
2025-09-17 23:19:56.865193,166,0,cheating,0.5464774370193481,"[559, 541, 891, 826]"
2025-09-17 23:19:56.945943,167,0,cheating,0.5786418318748474,"[561, 542, 894, 825]"
2025-09-17 23:19:57.019796,168,0,cheating,0.5748472809791565,"[562, 542, 897, 828]"
2025-09-17 23:19:57.091409,169,0,cheating,0.5797604918479919,"[563, 544, 898, 828]"
2025-09-17 23:19:57.165771,170,0,cheating,0.5876898765563965,"[566, 545, 899, 829]"
2025-09-17 23:19:57.245040,171,0,cheating,0.5676838755607605,"[571, 550, 900, 828]"
2025-09-17 23:19:57.321839,172,0,cheating,0.5890611410140991,"[573, 552, 901, 831]"
2025-09-17 23:19:57.396735,173,0,cheating,0.6252039670944214,"[575, 554, 900, 829]"
2025-09-17 23:19:57.477186,174,0,cheating,0.6422920823097229,"[575, 559, 901, 830]"
2025-09-17 23:19:57.556823,175,0,cheating,0.5863503217697144,"[576, 557, 904, 832]"
2025-09-17 23:19:57.632107,176,0,cheating,0.5995763540267944,"[575, 560, 905, 838]"
2025-09-17 23:19:57.711113,177,0,cheating,0.6403331756591797,"[575, 562, 904, 842]"
2025-09-17 23:19:57.785682,178,0,cheating,0.5820187330245972,"[576, 562, 906, 847]"
2025-09-17 23:19:57.861966,179,0,cheating,0.5539258122444153,"[576, 566, 907, 851]"
2025-09-17 23:19:57.941304,180,0,cheating,0.5967499017715454,"[576, 570, 907, 857]"
2025-09-17 23:19:58.020921,181,0,cheating,0.5643759965896606,"[576, 574, 906, 858]"
2025-09-17 23:19:58.099634,182,0,cheating,0.6217508912086487,"[576, 576, 906, 861]"
2025-09-17 23:19:58.176845,183,0,cheating,0.6035261750221252,"[578, 581, 909, 861]"
2025-09-17 23:19:58.252339,184,0,cheating,0.5962322950363159,"[577, 585, 907, 864]"
2025-09-17 23:19:58.252339,184,0,cheating,0.5216527581214905,"[1060, 456, 1285, 731]"
2025-09-17 23:19:58.328120,185,0,cheating,0.5818008780479431,"[576, 587, 906, 867]"
2025-09-17 23:19:58.328120,185,0,cheating,0.5160235166549683,"[1060, 460, 1280, 729]"
2025-09-17 23:19:58.404891,186,0,cheating,0.5927863121032715,"[576, 592, 905, 871]"
2025-09-17 23:19:58.404891,186,0,cheating,0.5113689303398132,"[1060, 464, 1268, 732]"
2025-09-17 23:19:58.482334,187,0,cheating,0.6170125603675842,"[575, 596, 902, 877]"
2025-09-17 23:19:58.557666,188,0,cheating,0.5764250755310059,"[575, 601, 901, 876]"
2025-09-17 23:19:58.637112,189,0,cheating,0.631681501865387,"[568, 605, 901, 881]"
2025-09-17 23:19:58.718440,190,0,cheating,0.6295416355133057,"[566, 608, 900, 886]"
2025-09-17 23:19:58.803351,191,0,cheating,0.6502929925918579,"[564, 612, 900, 889]"
2025-09-17 23:19:58.886687,192,0,cheating,0.6110284328460693,"[563, 616, 899, 894]"
2025-09-17 23:19:58.963629,193,0,cheating,0.5605497360229492,"[562, 618, 898, 899]"
2025-09-17 23:19:59.045922,194,0,cheating,0.6019241809844971,"[561, 619, 895, 905]"
2025-09-17 23:19:59.126666,195,0,cheating,0.586344301700592,"[560, 621, 895, 907]"
2025-09-17 23:19:59.206991,196,0,cheating,0.528932511806488,"[559, 624, 891, 910]"
2025-09-17 23:19:59.288330,197,0,cheating,0.523614227771759,"[558, 630, 890, 907]"
2025-09-17 23:19:59.288330,197,0,cheating,0.5139566659927368,"[753, 525, 934, 673]"
2025-09-17 23:19:59.370585,198,0,cheating,0.5481773018836975,"[560, 632, 892, 911]"
2025-09-17 23:19:59.370585,198,0,cheating,0.520163893699646,"[753, 526, 937, 674]"
2025-09-17 23:19:59.451601,199,0,cheating,0.5324389338493347,"[557, 633, 892, 916]"
2025-09-17 23:19:59.526092,200,0,cheating,0.5163303017616272,"[557, 636, 890, 912]"
2025-09-17 23:20:04.051531,260,0,cheating,0.5155890583992004,"[739, 520, 932, 707]"
2025-09-17 23:20:04.125932,261,0,cheating,0.5315414071083069,"[736, 524, 930, 706]"
2025-09-17 23:20:04.201550,262,0,cheating,0.5138431787490845,"[737, 522, 933, 712]"
2025-09-17 23:20:04.276989,263,0,cheating,0.5043354034423828,"[747, 522, 933, 714]"
2025-09-17 23:20:04.350434,264,0,cheating,0.5430710911750793,"[741, 523, 935, 714]"
2025-09-17 23:20:04.350434,264,1,not_cheating,0.5008031129837036,"[557, 673, 887, 956]"
2025-09-17 23:20:04.424774,265,0,cheating,0.530718207359314,"[744, 525, 935, 716]"
2025-09-17 23:20:04.424774,265,1,not_cheating,0.5041345357894897,"[558, 674, 887, 956]"
2025-09-17 23:20:04.498807,266,0,cheating,0.5525581240653992,"[741, 526, 937, 715]"
2025-09-17 23:20:04.649421,268,0,cheating,0.5200862288475037,"[739, 529, 937, 718]"
2025-09-17 23:20:04.721581,269,0,cheating,0.5407251715660095,"[740, 531, 937, 719]"
2025-09-17 23:20:04.803860,270,0,cheating,0.5589867830276489,"[743, 536, 936, 719]"
2025-09-17 23:20:04.879089,271,0,cheating,0.5805891752243042,"[744, 538, 938, 720]"
2025-09-17 23:20:04.954727,272,0,cheating,0.5249112844467163,"[746, 541, 933, 719]"
2025-09-17 23:20:05.027357,273,0,cheating,0.5193431377410889,"[746, 543, 935, 720]"
2025-09-17 23:20:05.100668,274,0,cheating,0.5241352915763855,"[746, 544, 938, 721]"
2025-09-17 23:20:05.178492,275,0,cheating,0.5539921522140503,"[750, 545, 939, 722]"
2025-09-17 23:20:05.256874,276,0,cheating,0.5392637848854065,"[750, 547, 938, 722]"
2025-09-17 23:20:05.410251,278,0,cheating,0.5087576508522034,"[751, 549, 943, 724]"
2025-09-17 23:20:05.484839,279,0,cheating,0.5345388650894165,"[752, 551, 944, 724]"
2025-09-17 23:20:05.561482,280,0,cheating,0.552610456943512,"[752, 553, 947, 721]"
2025-09-17 23:20:05.637093,281,0,cheating,0.5840204954147339,"[751, 554, 945, 722]"
2025-09-17 23:20:06.659047,294,1,not_cheating,0.5031648278236389,"[573, 708, 906, 989]"
2025-09-17 23:20:07.800498,309,1,not_cheating,0.5079756379127502,"[576, 713, 910, 996]"
2025-09-17 23:20:07.883032,310,1,not_cheating,0.5109426379203796,"[576, 714, 910, 997]"
2025-09-17 23:20:07.956093,311,1,not_cheating,0.5054725408554077,"[576, 714, 910, 998]"
2025-09-17 23:20:08.177362,314,1,not_cheating,0.5238751769065857,"[576, 714, 910, 1003]"
2025-09-17 23:20:08.252692,315,1,not_cheating,0.5334795713424683,"[576, 714, 910, 1002]"
2025-09-17 23:20:08.325036,316,1,not_cheating,0.5204114317893982,"[575, 714, 910, 1005]"
2025-09-17 23:20:08.399680,317,1,not_cheating,0.5209763050079346,"[576, 714, 909, 1006]"
2025-09-17 23:20:08.472778,318,1,not_cheating,0.5027638673782349,"[575, 714, 908, 1008]"
2025-09-17 23:20:08.917895,324,1,not_cheating,0.5119227170944214,"[574, 715, 907, 1007]"
2025-09-17 23:20:10.728971,348,0,cheating,0.5072762370109558,"[758, 574, 944, 766]"
2025-09-17 23:20:11.959443,364,0,cheating,0.5393014550209045,"[755, 583, 937, 772]"
2025-09-17 23:20:12.032522,365,0,cheating,0.5461312532424927,"[755, 584, 938, 771]"
2025-09-17 23:20:12.110401,366,0,cheating,0.5414782166481018,"[755, 584, 941, 771]"
2025-09-17 23:20:12.185034,367,0,cheating,0.526868999004364,"[755, 586, 942, 772]"
2025-09-17 23:20:12.337076,369,0,cheating,0.5101910829544067,"[756, 587, 943, 769]"
2025-09-17 23:20:12.411820,370,0,cheating,0.5164514780044556,"[755, 589, 942, 769]"
2025-09-17 23:20:12.486300,371,0,cheating,0.516457200050354,"[753, 590, 939, 773]"
2025-09-17 23:20:12.556890,372,0,cheating,0.5260719656944275,"[755, 590, 945, 770]"
2025-09-17 23:20:12.630040,373,0,cheating,0.5454208850860596,"[754, 589, 947, 771]"
2025-09-17 23:20:12.708819,374,0,cheating,0.5023567080497742,"[754, 590, 946, 770]"
2025-09-17 23:20:12.784150,375,0,cheating,0.5202398300170898,"[753, 590, 941, 774]"
2025-09-17 23:20:12.856623,376,0,cheating,0.5207681059837341,"[753, 591, 941, 775]"
2025-09-17 23:20:12.940254,377,0,cheating,0.510262131690979,"[753, 591, 941, 775]"
2025-09-17 23:20:13.174999,380,0,cheating,0.5220872163772583,"[755, 593, 951, 773]"
2025-09-17 23:20:13.251304,381,0,cheating,0.5042256116867065,"[754, 592, 944, 777]"
2025-09-17 23:20:13.322843,382,0,cheating,0.5044600963592529,"[755, 592, 944, 777]"
2025-09-17 23:20:13.623953,386,0,cheating,0.5085210800170898,"[757, 592, 948, 774]"
2025-09-17 23:20:13.696634,387,0,cheating,0.526253342628479,"[757, 592, 946, 774]"
2025-09-17 23:20:13.770419,388,0,cheating,0.5340003967285156,"[757, 592, 946, 774]"
2025-09-17 23:20:13.845922,389,0,cheating,0.5406045913696289,"[757, 592, 945, 774]"
2025-09-17 23:20:13.919033,390,0,cheating,0.5526245832443237,"[757, 592, 945, 774]"
2025-09-17 23:20:13.989891,391,0,cheating,0.5516812205314636,"[757, 592, 946, 774]"
2025-09-17 23:20:14.065592,392,0,cheating,0.5460885167121887,"[757, 592, 947, 775]"
2025-09-17 23:20:14.140933,393,0,cheating,0.527857780456543,"[757, 592, 947, 774]"
2025-09-17 23:20:14.216266,394,0,cheating,0.5165935754776001,"[757, 592, 944, 775]"
2025-09-17 23:20:14.296598,395,0,cheating,0.5101771950721741,"[757, 593, 943, 774]"
2025-09-17 23:20:14.377997,396,0,cheating,0.5346248149871826,"[757, 593, 940, 775]"
2025-09-17 23:20:14.453985,397,0,cheating,0.5329355597496033,"[757, 593, 941, 775]"
2025-09-17 23:20:14.532918,398,0,cheating,0.521245539188385,"[757, 593, 942, 775]"
2025-09-17 23:20:14.611992,399,0,cheating,0.5327204465866089,"[757, 593, 942, 775]"
2025-09-17 23:20:14.693495,400,0,cheating,0.5487166047096252,"[757, 594, 943, 775]"
2025-09-17 23:20:14.771166,401,0,cheating,0.5527146458625793,"[758, 595, 944, 775]"
2025-09-17 23:20:14.848965,402,0,cheating,0.5768585801124573,"[758, 597, 941, 784]"
2025-09-17 23:20:14.926598,403,0,cheating,0.566896378993988,"[757, 595, 946, 776]"
2025-09-17 23:20:15.002546,404,0,cheating,0.569166898727417,"[756, 596, 946, 776]"
2025-09-17 23:20:15.082679,405,0,cheating,0.5638964176177979,"[756, 597, 944, 775]"
2025-09-17 23:20:15.158684,406,0,cheating,0.5629828572273254,"[757, 601, 936, 786]"
2025-09-17 23:20:15.233819,407,0,cheating,0.5340169072151184,"[759, 602, 943, 788]"
2025-09-17 23:20:15.313875,408,0,cheating,0.5880376100540161,"[769, 601, 940, 793]"
2025-09-17 23:20:15.838825,415,0,cheating,0.5268658399581909,"[774, 611, 966, 793]"
2025-09-17 23:20:15.915672,416,0,cheating,0.5044936537742615,"[774, 613, 964, 794]"
2025-09-17 23:20:16.064025,418,0,cheating,0.5429908633232117,"[773, 616, 967, 791]"
2025-09-17 23:20:16.142719,419,0,cheating,0.5136126279830933,"[772, 618, 968, 796]"
2025-09-17 23:20:16.218668,420,0,cheating,0.5184770226478577,"[776, 621, 954, 796]"
2025-09-17 23:20:16.517006,424,1,not_cheating,0.5219128131866455,"[571, 743, 904, 1065]"
2025-09-17 23:20:16.590117,425,1,not_cheating,0.5220850110054016,"[571, 742, 906, 1069]"
2025-09-17 23:20:16.663807,426,1,not_cheating,0.5115442276000977,"[571, 744, 905, 1068]"
2025-09-17 23:20:16.738813,427,1,not_cheating,0.5202817320823669,"[571, 744, 906, 1062]"
2025-09-17 23:20:16.813609,428,1,not_cheating,0.5354989767074585,"[572, 748, 905, 1061]"
2025-09-17 23:20:16.888697,429,1,not_cheating,0.5265708565711975,"[572, 750, 905, 1058]"
2025-09-17 23:20:16.961590,430,1,not_cheating,0.524076521396637,"[572, 753, 906, 1064]"
2025-09-17 23:20:17.038845,431,1,not_cheating,0.513762354850769,"[572, 756, 906, 1064]"
2025-09-17 23:20:17.496518,437,0,cheating,0.5013731718063354,"[794, 632, 991, 808]"
2025-09-17 23:20:17.571429,438,0,cheating,0.5037100315093994,"[793, 633, 989, 808]"
2025-09-17 23:20:17.796740,441,0,cheating,0.5012028217315674,"[793, 635, 985, 805]"
2025-09-17 23:20:17.952032,443,0,cheating,0.5125888586044312,"[794, 638, 991, 809]"
2025-09-17 23:20:18.027088,444,0,cheating,0.5219954252243042,"[794, 639, 990, 809]"
2025-09-17 23:20:18.100606,445,0,cheating,0.5303276181221008,"[795, 639, 991, 810]"
2025-09-17 23:20:18.176791,446,0,cheating,0.5628030300140381,"[794, 640, 992, 811]"
2025-09-17 23:20:18.250948,447,0,cheating,0.5775406956672668,"[793, 641, 994, 811]"
2025-09-17 23:20:18.322636,448,0,cheating,0.5657665133476257,"[794, 641, 997, 811]"
2025-09-17 23:20:18.403482,449,0,cheating,0.5692781805992126,"[793, 641, 995, 811]"
2025-09-17 23:20:18.482734,450,0,cheating,0.5562282204627991,"[797, 643, 992, 811]"
2025-09-17 23:20:18.561334,451,0,cheating,0.5511102676391602,"[796, 644, 989, 812]"
2025-09-17 23:20:18.643655,452,0,cheating,0.5321898460388184,"[788, 642, 997, 811]"
2025-09-17 23:20:18.720012,453,0,cheating,0.5374434590339661,"[785, 641, 974, 812]"
2025-09-17 23:20:18.791844,454,0,cheating,0.5215919613838196,"[783, 640, 992, 811]"
2025-09-17 23:20:18.863912,455,0,cheating,0.5177123546600342,"[785, 640, 987, 812]"
2025-09-17 23:20:18.938126,456,0,cheating,0.5069093108177185,"[796, 641, 964, 812]"
2025-09-17 23:20:19.013775,457,0,cheating,0.5468599796295166,"[784, 640, 956, 812]"
2025-09-17 23:20:19.089915,458,0,cheating,0.540739119052887,"[785, 639, 959, 814]"
2025-09-17 23:20:19.165589,459,0,cheating,0.5034264922142029,"[789, 640, 954, 816]"
2025-09-17 23:20:20.359728,474,0,cheating,0.5097845196723938,"[765, 642, 936, 818]"
2025-09-17 23:20:21.943244,495,0,cheating,0.5242166519165039,"[751, 634, 935, 812]"
2025-09-17 23:20:22.018597,496,1,not_cheating,0.5073803067207336,"[592, 765, 901, 1074]"
2025-09-17 23:20:22.090964,497,1,not_cheating,0.5103180408477783,"[592, 764, 901, 1075]"
2025-09-17 23:20:22.160126,498,1,not_cheating,0.5274404883384705,"[593, 764, 904, 1074]"
2025-09-17 23:20:22.233681,499,1,not_cheating,0.5667844414710999,"[597, 763, 905, 1073]"
2025-09-17 23:20:22.322149,500,1,not_cheating,0.5537552237510681,"[599, 763, 905, 1075]"
2025-09-17 23:20:22.402333,501,1,not_cheating,0.5547388792037964,"[602, 761, 904, 1075]"
2025-09-17 23:20:22.483177,502,1,not_cheating,0.553370475769043,"[602, 761, 904, 1075]"
2025-09-17 23:20:22.565718,503,1,not_cheating,0.5280526280403137,"[605, 751, 907, 1065]"
2025-09-17 23:20:22.647610,504,1,not_cheating,0.5301041603088379,"[605, 744, 908, 1062]"
2025-09-17 23:20:22.747412,505,1,not_cheating,0.5008277893066406,"[602, 737, 905, 1048]"
2025-09-17 23:20:22.837308,506,0,cheating,0.5022667646408081,"[760, 597, 939, 772]"
2025-09-17 23:20:23.029285,508,0,cheating,0.5079428553581238,"[759, 588, 943, 762]"
2025-09-17 23:20:23.029285,508,1,not_cheating,0.5058035254478455,"[611, 721, 913, 1016]"
2025-09-17 23:20:23.105918,509,1,not_cheating,0.5594697594642639,"[612, 718, 914, 1009]"
2025-09-17 23:20:23.181625,510,1,not_cheating,0.550521731376648,"[612, 714, 914, 1001]"
2025-09-17 23:20:23.254204,511,1,not_cheating,0.5253064036369324,"[613, 711, 915, 995]"
2025-09-17 23:20:23.630603,516,0,cheating,0.5394774675369263,"[760, 547, 940, 715]"
2025-09-17 23:20:23.709007,517,0,cheating,0.5465048551559448,"[756, 543, 942, 713]"
2025-09-17 23:20:23.709007,517,1,not_cheating,0.5203884243965149,"[617, 682, 912, 967]"
2025-09-17 23:20:23.785743,518,1,not_cheating,0.5543492436408997,"[616, 678, 913, 958]"
2025-09-17 23:20:23.865045,519,1,not_cheating,0.5360152721405029,"[616, 673, 913, 952]"
2025-09-17 23:20:23.944885,520,0,cheating,0.5908234715461731,"[755, 532, 940, 705]"
2025-09-17 23:20:23.944885,520,1,not_cheating,0.5438740253448486,"[618, 671, 910, 949]"
2025-09-17 23:20:24.024022,521,1,not_cheating,0.5344052314758301,"[619, 668, 909, 950]"
2025-09-17 23:20:24.098770,522,0,cheating,0.5132868885993958,"[753, 520, 937, 693]"
2025-09-17 23:20:24.098770,522,1,not_cheating,0.50545734167099,"[618, 668, 909, 946]"
2025-09-17 23:20:24.177813,523,0,cheating,0.5513501763343811,"[752, 519, 933, 690]"
2025-09-17 23:20:24.177813,523,1,not_cheating,0.5045884847640991,"[619, 666, 909, 946]"
2025-09-17 23:20:24.253807,524,0,cheating,0.552203357219696,"[751, 519, 939, 690]"
2025-09-17 23:20:24.330768,525,0,cheating,0.5156338810920715,"[749, 517, 939, 689]"
2025-09-17 23:20:24.411604,526,0,cheating,0.5369918346405029,"[756, 516, 939, 685]"
2025-09-17 23:20:24.718005,530,0,cheating,0.5237489938735962,"[760, 518, 943, 684]"
2025-09-17 23:20:24.793892,531,0,cheating,0.5247988700866699,"[767, 518, 944, 686]"
2025-09-17 23:20:25.025729,534,1,not_cheating,0.5130202174186707,"[653, 672, 930, 946]"
2025-09-17 23:20:25.104765,535,1,not_cheating,0.5654730796813965,"[653, 671, 935, 946]"
2025-09-17 23:20:25.180783,536,1,not_cheating,0.5670904517173767,"[655, 674, 942, 949]"
2025-09-17 23:20:25.264707,537,1,not_cheating,0.5345296859741211,"[656, 675, 946, 949]"
2025-09-17 23:20:25.264707,537,1,not_cheating,0.504486083984375,"[1090, 583, 1326, 821]"
2025-09-17 23:20:25.340660,538,1,not_cheating,0.5415892601013184,"[657, 678, 950, 952]"
2025-09-17 23:20:25.340660,538,1,not_cheating,0.5009199380874634,"[1096, 586, 1330, 820]"
2025-09-17 23:20:25.419256,539,1,not_cheating,0.5188692808151245,"[659, 680, 952, 954]"
2025-09-17 23:20:25.419256,539,1,not_cheating,0.5051447749137878,"[1098, 587, 1330, 822]"
2025-09-17 23:20:25.493667,540,1,not_cheating,0.534745991230011,"[661, 682, 953, 946]"
2025-09-17 23:20:25.572132,541,0,cheating,0.5366356372833252,"[797, 532, 985, 706]"
2025-09-17 23:20:25.572132,541,1,not_cheating,0.5266133546829224,"[667, 684, 956, 947]"
2025-09-17 23:20:25.728817,543,1,not_cheating,0.5114480257034302,"[676, 689, 970, 951]"
2025-09-17 23:20:25.809131,544,1,not_cheating,0.5383203029632568,"[679, 691, 975, 952]"
2025-09-17 23:20:25.892378,545,1,not_cheating,0.5256541967391968,"[682, 695, 977, 956]"
2025-09-17 23:20:25.970169,546,0,cheating,0.5670140981674194,"[815, 547, 994, 712]"
2025-09-17 23:20:25.970169,546,1,not_cheating,0.5005502700805664,"[683, 695, 978, 957]"
2025-09-17 23:20:26.050521,547,0,cheating,0.5625060200691223,"[815, 548, 995, 716]"
2025-09-17 23:20:26.126753,548,0,cheating,0.5750939249992371,"[813, 550, 994, 718]"
2025-09-17 23:20:26.203532,549,0,cheating,0.5097162127494812,"[816, 552, 994, 719]"
2025-09-17 23:20:26.602614,554,0,cheating,0.5174545645713806,"[815, 557, 992, 720]"
2025-09-17 23:20:27.289759,563,1,not_cheating,0.5023455619812012,"[1096, 610, 1328, 840]"
2025-09-17 23:20:27.596630,567,1,not_cheating,0.5005745887756348,"[1090, 608, 1313, 837]"
2025-09-17 23:20:27.673689,568,0,cheating,0.5349206924438477,"[778, 560, 952, 730]"
2025-09-17 23:20:27.673689,568,1,not_cheating,0.5053389072418213,"[1084, 608, 1308, 841]"
2025-09-17 23:20:28.297871,576,1,not_cheating,0.5097524523735046,"[1060, 601, 1283, 838]"
2025-09-17 23:20:28.379648,577,1,not_cheating,0.5091358423233032,"[1058, 601, 1285, 841]"
2025-09-17 23:20:28.535038,579,1,not_cheating,0.5009883642196655,"[634, 698, 913, 970]"
2025-09-17 23:20:28.613933,580,1,not_cheating,0.5022965669631958,"[633, 697, 908, 962]"
2025-09-17 23:20:28.690456,581,1,not_cheating,0.5064042806625366,"[636, 698, 907, 967]"
2025-09-17 23:20:28.764987,582,1,not_cheating,0.5162307024002075,"[635, 697, 907, 968]"
2025-09-17 23:20:28.842656,583,1,not_cheating,0.5144494771957397,"[636, 696, 905, 968]"
2025-09-17 23:20:28.919338,584,1,not_cheating,0.517500638961792,"[635, 696, 906, 962]"
2025-09-17 23:20:28.995730,585,1,not_cheating,0.5289284586906433,"[632, 696, 905, 961]"
2025-09-17 23:20:29.071273,586,1,not_cheating,0.524059534072876,"[630, 695, 904, 961]"
2025-09-17 23:20:29.154873,587,1,not_cheating,0.5163747072219849,"[629, 695, 904, 961]"
2025-09-17 23:20:29.233675,588,1,not_cheating,0.5214674472808838,"[627, 695, 904, 960]"
2025-09-17 23:20:29.321116,589,1,not_cheating,0.5333618521690369,"[626, 696, 903, 958]"
2025-09-17 23:20:29.402310,590,1,not_cheating,0.5361788868904114,"[624, 696, 900, 954]"
2025-09-17 23:20:29.481234,591,1,not_cheating,0.5370233654975891,"[626, 696, 902, 958]"
2025-09-17 23:20:29.563073,592,1,not_cheating,0.5332989692687988,"[625, 696, 902, 958]"
2025-09-17 23:20:29.642623,593,1,not_cheating,0.5361883640289307,"[624, 697, 902, 957]"
2025-09-17 23:20:29.721248,594,1,not_cheating,0.5342252850532532,"[624, 698, 901, 957]"
2025-09-17 23:20:29.798666,595,1,not_cheating,0.5281688570976257,"[623, 699, 901, 956]"
2025-09-17 23:20:29.880587,596,1,not_cheating,0.5290884971618652,"[623, 700, 900, 954]"
2025-09-17 23:20:29.954925,597,1,not_cheating,0.529649555683136,"[624, 700, 900, 954]"
2025-09-17 23:20:30.029916,598,1,not_cheating,0.5298795700073242,"[624, 700, 900, 954]"
2025-09-17 23:20:30.105221,599,1,not_cheating,0.5269494652748108,"[624, 700, 900, 955]"
2025-09-17 23:20:30.180195,600,1,not_cheating,0.527927577495575,"[624, 700, 899, 955]"
2025-09-17 23:20:30.255000,601,1,not_cheating,0.5296223759651184,"[624, 700, 899, 955]"
2025-09-17 23:20:30.338331,602,1,not_cheating,0.5268886089324951,"[623, 700, 899, 955]"
2025-09-17 23:20:30.416011,603,1,not_cheating,0.5244054198265076,"[623, 700, 899, 955]"
2025-09-17 23:20:30.491477,604,1,not_cheating,0.5255618691444397,"[623, 701, 899, 955]"
2025-09-17 23:20:30.565756,605,1,not_cheating,0.5252453684806824,"[624, 701, 899, 955]"
2025-09-17 23:20:30.644011,606,1,not_cheating,0.5301950573921204,"[624, 701, 899, 955]"
2025-09-17 23:20:30.722172,607,1,not_cheating,0.5370070338249207,"[624, 700, 900, 955]"
2025-09-17 23:20:30.798058,608,1,not_cheating,0.5411356091499329,"[624, 700, 900, 954]"
2025-09-17 23:20:30.881211,609,1,not_cheating,0.5413913130760193,"[624, 700, 901, 954]"
2025-09-17 23:20:30.963874,610,1,not_cheating,0.5346099138259888,"[624, 700, 901, 955]"
2025-09-17 23:20:31.049736,611,1,not_cheating,0.5243815779685974,"[625, 701, 901, 955]"
2025-09-17 23:20:31.131781,612,1,not_cheating,0.5098564028739929,"[625, 703, 901, 956]"
2025-09-17 23:20:31.212824,613,1,not_cheating,0.5074576735496521,"[626, 703, 902, 956]"
2025-09-17 23:20:31.296788,614,1,not_cheating,0.5145314335823059,"[627, 703, 902, 957]"
2025-09-17 23:20:31.374918,615,1,not_cheating,0.5149096250534058,"[627, 703, 902, 958]"
2025-09-17 23:20:31.452811,616,1,not_cheating,0.5116289258003235,"[627, 703, 901, 958]"
2025-09-17 23:20:31.526794,617,1,not_cheating,0.5165754556655884,"[625, 706, 899, 956]"
2025-09-17 23:20:31.600199,618,1,not_cheating,0.5172564387321472,"[625, 706, 899, 957]"
2025-09-17 23:20:31.673324,619,1,not_cheating,0.517336905002594,"[625, 707, 899, 957]"
2025-09-17 23:20:31.746927,620,1,not_cheating,0.5154817700386047,"[626, 708, 899, 956]"
2025-09-17 23:20:31.746927,620,1,not_cheating,0.5016129016876221,"[723, 578, 915, 718]"
2025-09-17 23:20:31.820850,621,1,not_cheating,0.5090259909629822,"[626, 709, 899, 956]"
2025-09-17 23:20:31.820850,621,1,not_cheating,0.5027180910110474,"[723, 578, 917, 719]"
2025-09-17 23:20:31.893028,622,1,not_cheating,0.5210481286048889,"[627, 706, 901, 958]"
2025-09-17 23:20:31.893028,622,1,not_cheating,0.5051972270011902,"[723, 578, 916, 719]"
2025-09-17 23:20:31.967414,623,1,not_cheating,0.5238202214241028,"[627, 706, 901, 958]"
2025-09-17 23:20:31.967414,623,1,not_cheating,0.5024011135101318,"[723, 578, 916, 719]"
2025-09-17 23:20:32.044790,624,1,not_cheating,0.5246705412864685,"[627, 705, 901, 958]"
2025-09-17 23:20:32.351101,628,1,not_cheating,0.5059736371040344,"[623, 702, 900, 965]"
2025-09-17 23:20:33.011880,637,1,not_cheating,0.5003153085708618,"[620, 706, 900, 964]"
2025-09-17 23:20:33.088578,638,1,not_cheating,0.5021424293518066,"[620, 706, 900, 964]"
2025-09-17 23:20:33.233843,640,1,not_cheating,0.5002248287200928,"[620, 707, 900, 964]"
2025-09-17 23:20:36.697669,685,1,not_cheating,0.5000691413879395,"[616, 714, 900, 985]"
2025-09-17 23:20:36.772688,686,1,not_cheating,0.5377763509750366,"[616, 715, 899, 987]"
2025-09-17 23:20:36.849778,687,1,not_cheating,0.5314496159553528,"[617, 716, 901, 989]"
2025-09-17 23:20:36.923877,688,1,not_cheating,0.50416100025177,"[616, 716, 901, 988]"
2025-09-17 23:20:36.994895,689,1,not_cheating,0.5262606143951416,"[616, 718, 901, 989]"
2025-09-17 23:20:37.069290,690,1,not_cheating,0.5217280387878418,"[616, 719, 900, 990]"
2025-09-17 23:20:37.145214,691,1,not_cheating,0.5507349967956543,"[615, 721, 900, 989]"
2025-09-17 23:20:37.218726,692,1,not_cheating,0.55063796043396,"[614, 724, 900, 990]"
2025-09-17 23:20:37.293218,693,1,not_cheating,0.563906729221344,"[613, 727, 900, 992]"
2025-09-17 23:20:37.369072,694,1,not_cheating,0.5748974680900574,"[613, 730, 899, 993]"
2025-09-17 23:20:37.445652,695,1,not_cheating,0.5596976280212402,"[613, 729, 899, 993]"
2025-09-17 23:20:37.524182,696,1,not_cheating,0.5661890506744385,"[613, 733, 898, 994]"
2025-09-17 23:20:37.598992,697,1,not_cheating,0.5561097860336304,"[612, 734, 899, 993]"
2025-09-17 23:20:37.598992,697,1,not_cheating,0.5060109496116638,"[708, 607, 901, 753]"
2025-09-17 23:20:37.675701,698,1,not_cheating,0.5647811889648438,"[611, 737, 898, 994]"
2025-09-17 23:20:37.675701,698,1,not_cheating,0.5059775710105896,"[708, 608, 900, 755]"
2025-09-17 23:20:37.751992,699,1,not_cheating,0.5536523461341858,"[611, 737, 897, 994]"
2025-09-17 23:20:37.751992,699,1,not_cheating,0.5047482848167419,"[707, 607, 900, 757]"
2025-09-17 23:20:37.830190,700,1,not_cheating,0.551023006439209,"[611, 738, 896, 995]"
2025-09-17 23:20:37.830190,700,1,not_cheating,0.5015093088150024,"[706, 608, 898, 758]"
2025-09-17 23:20:37.912581,701,1,not_cheating,0.5504846572875977,"[611, 740, 895, 996]"
2025-09-17 23:20:37.991906,702,1,not_cheating,0.5426982045173645,"[610, 740, 895, 996]"
2025-09-17 23:20:38.072850,703,1,not_cheating,0.5219420790672302,"[609, 740, 895, 996]"
2025-09-17 23:20:38.072850,703,1,not_cheating,0.5036302208900452,"[705, 611, 897, 758]"
2025-09-17 23:20:38.153208,704,1,not_cheating,0.517626166343689,"[609, 740, 895, 995]"
2025-09-17 23:20:38.153208,704,1,not_cheating,0.5026702880859375,"[706, 613, 897, 760]"
2025-09-17 23:20:38.235032,705,1,not_cheating,0.5280766487121582,"[609, 741, 894, 996]"
2025-09-17 23:20:38.235032,705,1,not_cheating,0.5007807016372681,"[707, 613, 894, 760]"
2025-09-17 23:20:38.315026,706,1,not_cheating,0.5273248553276062,"[609, 741, 893, 997]"
2025-09-17 23:20:38.392741,707,1,not_cheating,0.5221669673919678,"[609, 741, 893, 998]"
2025-09-17 23:20:38.473176,708,1,not_cheating,0.5184847116470337,"[609, 741, 892, 999]"
2025-09-17 23:20:38.548726,709,1,not_cheating,0.5218505263328552,"[609, 741, 891, 999]"
2025-09-17 23:20:38.626020,710,1,not_cheating,0.5244411826133728,"[609, 741, 891, 998]"
2025-09-17 23:20:38.703360,711,1,not_cheating,0.5211097002029419,"[609, 741, 891, 998]"
2025-09-17 23:20:38.778298,712,1,not_cheating,0.5147349834442139,"[609, 741, 891, 998]"
2025-09-17 23:20:38.862974,713,1,not_cheating,0.5100186467170715,"[609, 741, 891, 998]"
2025-09-17 23:20:38.938107,714,1,not_cheating,0.5214196443557739,"[609, 741, 891, 999]"
2025-09-17 23:20:39.011557,715,1,not_cheating,0.5206232070922852,"[609, 741, 891, 998]"
2025-09-17 23:20:39.085700,716,1,not_cheating,0.5322489738464355,"[609, 741, 891, 998]"
2025-09-17 23:20:39.158154,717,1,not_cheating,0.5261361598968506,"[609, 741, 891, 998]"
2025-09-17 23:20:39.230325,718,1,not_cheating,0.5189014077186584,"[609, 741, 891, 998]"
2025-09-17 23:20:39.304789,719,1,not_cheating,0.5087230801582336,"[608, 742, 891, 998]"
2025-09-17 23:20:39.380135,720,1,not_cheating,0.5114678144454956,"[608, 742, 890, 998]"
2025-09-17 23:20:39.453587,721,1,not_cheating,0.522476077079773,"[608, 742, 891, 997]"
2025-09-17 23:20:39.533821,722,1,not_cheating,0.5216929912567139,"[608, 742, 891, 997]"
2025-09-17 23:20:39.610434,723,1,not_cheating,0.5212268829345703,"[608, 743, 891, 997]"
2025-09-17 23:20:39.684134,724,1,not_cheating,0.5077147483825684,"[608, 743, 891, 997]"
2025-09-17 23:20:39.754790,725,1,not_cheating,0.5154739022254944,"[608, 743, 890, 997]"
2025-09-17 23:20:39.828459,726,1,not_cheating,0.512726902961731,"[608, 744, 891, 998]"
2025-09-17 23:20:39.902410,727,1,not_cheating,0.513617992401123,"[608, 743, 891, 998]"
2025-09-17 23:20:39.978645,728,1,not_cheating,0.5096995830535889,"[608, 743, 891, 998]"
2025-09-17 23:20:40.056925,729,1,not_cheating,0.5130227208137512,"[608, 743, 891, 997]"
2025-09-17 23:20:40.134820,730,1,not_cheating,0.5146639347076416,"[608, 743, 890, 997]"
2025-09-17 23:20:40.134820,730,1,not_cheating,0.5024712085723877,"[703, 612, 894, 761]"
2025-09-17 23:20:40.215978,731,1,not_cheating,0.5143637657165527,"[607, 742, 889, 997]"
2025-09-17 23:20:40.291497,732,1,not_cheating,0.5144115090370178,"[607, 743, 888, 997]"
2025-09-17 23:20:40.368391,733,1,not_cheating,0.5172649025917053,"[607, 743, 887, 997]"
2025-09-17 23:20:40.449506,734,1,not_cheating,0.5257443189620972,"[606, 743, 887, 997]"
2025-09-17 23:20:40.525034,735,1,not_cheating,0.5241253972053528,"[606, 742, 887, 997]"
2025-09-17 23:20:40.598079,736,1,not_cheating,0.536410391330719,"[606, 743, 887, 997]"
2025-09-17 23:20:40.675955,737,1,not_cheating,0.5402922034263611,"[606, 742, 887, 997]"
2025-09-17 23:20:40.758523,738,1,not_cheating,0.5411847233772278,"[606, 742, 887, 997]"
2025-09-17 23:20:40.831870,739,1,not_cheating,0.5446240305900574,"[606, 742, 888, 997]"
2025-09-17 23:20:40.910261,740,1,not_cheating,0.5410245060920715,"[606, 742, 887, 997]"
2025-09-17 23:20:40.986616,741,1,not_cheating,0.5383780598640442,"[606, 742, 887, 997]"
2025-09-17 23:20:41.057420,742,1,not_cheating,0.5377482175827026,"[606, 742, 886, 997]"
2025-09-17 23:20:41.129719,743,1,not_cheating,0.540719747543335,"[605, 742, 886, 997]"
2025-09-17 23:20:41.203210,744,1,not_cheating,0.5455555319786072,"[605, 742, 886, 997]"
2025-09-17 23:20:41.279635,745,1,not_cheating,0.552897036075592,"[604, 742, 886, 996]"
2025-09-17 23:20:41.355043,746,1,not_cheating,0.5568205118179321,"[604, 743, 885, 996]"
2025-09-17 23:20:41.426622,747,1,not_cheating,0.5512573719024658,"[604, 743, 885, 995]"
2025-09-17 23:20:41.499244,748,1,not_cheating,0.5479730367660522,"[604, 742, 884, 995]"
2025-09-17 23:20:41.499244,748,1,not_cheating,0.5108994841575623,"[1009, 629, 1231, 874]"
2025-09-17 23:20:41.584786,749,1,not_cheating,0.5472093820571899,"[604, 742, 885, 994]"
2025-09-17 23:20:41.656732,750,1,not_cheating,0.5499380230903625,"[603, 741, 885, 994]"
2025-09-17 23:20:41.729962,751,1,not_cheating,0.5528412461280823,"[602, 740, 885, 994]"
2025-09-17 23:20:41.805637,752,1,not_cheating,0.5547003746032715,"[603, 739, 884, 994]"
2025-09-17 23:20:41.883068,753,1,not_cheating,0.5576906204223633,"[603, 739, 884, 993]"
2025-09-17 23:20:41.956461,754,1,not_cheating,0.5641771554946899,"[603, 738, 884, 994]"
2025-09-17 23:20:42.029902,755,1,not_cheating,0.5691846609115601,"[603, 738, 884, 993]"
2025-09-17 23:20:42.103129,756,1,not_cheating,0.5712432861328125,"[604, 739, 884, 993]"
2025-09-17 23:20:42.179102,757,1,not_cheating,0.5676633715629578,"[604, 739, 884, 993]"
2025-09-17 23:20:42.255099,758,1,not_cheating,0.5654506087303162,"[604, 739, 884, 994]"
2025-09-17 23:20:42.330733,759,1,not_cheating,0.5684258937835693,"[604, 738, 883, 993]"
2025-09-17 23:20:42.410710,760,1,not_cheating,0.5652124881744385,"[603, 737, 883, 993]"
2025-09-17 23:20:42.489394,761,1,not_cheating,0.5563385486602783,"[603, 736, 883, 991]"
2025-09-17 23:20:42.566000,762,1,not_cheating,0.545738935470581,"[603, 734, 883, 992]"
2025-09-17 23:20:42.646057,763,1,not_cheating,0.5368003249168396,"[603, 733, 883, 990]"
2025-09-17 23:20:42.725732,764,1,not_cheating,0.5405843257904053,"[603, 733, 883, 990]"
2025-09-17 23:20:42.801228,765,1,not_cheating,0.5424982905387878,"[603, 732, 883, 990]"
2025-09-17 23:20:42.882436,766,1,not_cheating,0.5237007141113281,"[602, 731, 883, 988]"
2025-09-17 23:20:42.970115,767,1,not_cheating,0.5036095976829529,"[602, 729, 883, 988]"
2025-09-17 23:20:44.712599,790,1,not_cheating,0.5033736824989319,"[601, 727, 882, 988]"
2025-09-17 23:20:44.791327,791,1,not_cheating,0.514247477054596,"[601, 728, 882, 988]"
2025-09-17 23:20:44.863903,792,1,not_cheating,0.5128315687179565,"[600, 729, 882, 989]"
2025-09-17 23:20:44.939647,793,1,not_cheating,0.5117261409759521,"[600, 729, 882, 989]"
2025-09-17 23:20:45.018291,794,1,not_cheating,0.5223283171653748,"[600, 729, 882, 990]"
2025-09-17 23:20:45.090660,795,1,not_cheating,0.5185389518737793,"[600, 729, 882, 990]"
2025-09-17 23:20:45.163712,796,1,not_cheating,0.5175383687019348,"[599, 730, 882, 990]"
2025-09-17 23:20:45.239391,797,1,not_cheating,0.5119925141334534,"[599, 732, 881, 990]"
2025-09-17 23:20:45.320884,798,1,not_cheating,0.5112929344177246,"[599, 733, 881, 991]"
2025-09-17 23:20:45.403390,799,1,not_cheating,0.5065925717353821,"[599, 733, 881, 991]"
2025-09-17 23:20:45.483678,800,1,not_cheating,0.5136198401451111,"[598, 732, 881, 992]"
2025-09-17 23:20:45.563065,801,1,not_cheating,0.5231334567070007,"[597, 733, 881, 993]"
2025-09-17 23:20:45.644984,802,1,not_cheating,0.5304643511772156,"[598, 734, 881, 994]"
2025-09-17 23:20:45.722891,803,1,not_cheating,0.5414242148399353,"[597, 734, 880, 994]"
2025-09-17 23:20:45.798967,804,1,not_cheating,0.535652220249176,"[596, 734, 881, 994]"
2025-09-17 23:20:45.879708,805,1,not_cheating,0.5271443128585815,"[596, 736, 880, 995]"
2025-09-17 23:20:45.959622,806,1,not_cheating,0.5257407426834106,"[596, 737, 880, 995]"
2025-09-17 23:20:46.036943,807,1,not_cheating,0.5323167443275452,"[596, 737, 879, 995]"
2025-09-17 23:20:46.115037,808,1,not_cheating,0.5246252417564392,"[595, 736, 880, 995]"
2025-09-17 23:20:46.188214,809,1,not_cheating,0.5233994126319885,"[595, 736, 880, 995]"
2025-09-17 23:20:46.262257,810,1,not_cheating,0.5143239498138428,"[595, 737, 879, 995]"
2025-09-17 23:20:46.338523,811,1,not_cheating,0.5213022828102112,"[594, 738, 879, 995]"
2025-09-17 23:20:46.416810,812,1,not_cheating,0.5168637633323669,"[593, 739, 879, 996]"
2025-09-17 23:20:46.416810,812,1,not_cheating,0.5007203817367554,"[686, 612, 884, 762]"
2025-09-17 23:20:46.492814,813,1,not_cheating,0.5127302408218384,"[592, 740, 879, 996]"
2025-09-17 23:20:46.492814,813,1,not_cheating,0.5019025802612305,"[685, 612, 884, 762]"
2025-09-17 23:20:46.563408,814,1,not_cheating,0.507527232170105,"[592, 739, 878, 997]"
2025-09-17 23:20:46.637668,815,1,not_cheating,0.508764922618866,"[592, 739, 878, 997]"
2025-09-17 23:20:46.711635,816,1,not_cheating,0.5055444240570068,"[592, 740, 878, 997]"
2025-09-17 23:20:46.784820,817,1,not_cheating,0.5021646022796631,"[592, 740, 877, 998]"
2025-09-17 23:20:46.858190,818,1,not_cheating,0.5009583234786987,"[592, 740, 877, 998]"
2025-09-17 23:20:47.250816,823,1,not_cheating,0.5045522451400757,"[687, 616, 883, 763]"
2025-09-17 23:20:47.335753,824,1,not_cheating,0.5040977597236633,"[687, 616, 883, 763]"
2025-09-17 23:20:47.410085,825,1,not_cheating,0.5012379884719849,"[687, 616, 883, 764]"
2025-09-17 23:20:49.195735,849,1,not_cheating,0.5045726299285889,"[589, 742, 873, 1006]"
2025-09-17 23:20:49.273537,850,1,not_cheating,0.5085979700088501,"[589, 742, 873, 1005]"
2025-09-17 23:20:49.351137,851,1,not_cheating,0.5085583925247192,"[589, 742, 873, 1005]"
2025-09-17 23:20:49.419342,852,1,not_cheating,0.5104560852050781,"[589, 742, 873, 1004]"
2025-09-17 23:20:49.489738,853,1,not_cheating,0.5141565799713135,"[589, 742, 873, 1004]"
2025-09-17 23:20:49.560393,854,1,not_cheating,0.5186560153961182,"[589, 742, 873, 1005]"
2025-09-17 23:20:49.630554,855,1,not_cheating,0.5172261595726013,"[589, 742, 872, 1005]"
2025-09-17 23:20:49.702634,856,1,not_cheating,0.5192206501960754,"[589, 742, 872, 1005]"
2025-09-17 23:20:49.789972,857,1,not_cheating,0.5123268365859985,"[589, 742, 872, 1004]"
2025-09-17 23:20:49.861888,858,1,not_cheating,0.5056374073028564,"[589, 742, 872, 1004]"
2025-09-17 23:20:49.931435,859,1,not_cheating,0.5002400875091553,"[589, 742, 871, 1005]"
2025-09-17 23:20:50.632144,867,0,cheating,0.5027246475219727,"[588, 739, 868, 1002]"
2025-09-17 23:20:50.712614,868,0,cheating,0.518854022026062,"[587, 739, 868, 1002]"
2025-09-17 23:20:50.781828,869,0,cheating,0.5147995352745056,"[587, 739, 867, 1002]"
2025-09-17 23:20:50.852380,870,0,cheating,0.5177385210990906,"[587, 739, 867, 1002]"
2025-09-17 23:20:51.144358,874,0,cheating,0.5033531785011292,"[585, 739, 867, 1001]"
2025-09-17 23:20:51.212552,875,0,cheating,0.5215955972671509,"[585, 739, 867, 1001]"
2025-09-17 23:20:51.282653,876,0,cheating,0.5262489914894104,"[584, 739, 867, 1002]"
2025-09-17 23:20:51.357036,877,0,cheating,0.532712996006012,"[583, 739, 866, 1002]"
2025-09-17 23:20:51.432130,878,0,cheating,0.5037341713905334,"[582, 739, 865, 1002]"
2025-09-17 23:20:53.897513,911,0,cheating,0.5036336779594421,"[574, 747, 858, 1002]"
2025-09-17 23:20:53.971680,912,0,cheating,0.5055045485496521,"[574, 747, 859, 1001]"
2025-09-17 23:20:54.723510,923,0,cheating,0.5144686698913574,"[579, 744, 862, 999]"
2025-09-17 23:20:54.793852,924,0,cheating,0.536652147769928,"[580, 744, 862, 998]"
2025-09-17 23:20:54.861833,925,0,cheating,0.5422972440719604,"[580, 743, 864, 996]"
2025-09-17 23:20:54.933579,926,0,cheating,0.504478931427002,"[581, 744, 865, 997]"
2025-09-17 23:20:55.086974,928,0,cheating,0.5211606025695801,"[583, 743, 865, 997]"
2025-09-17 23:20:55.169810,929,0,cheating,0.5227459669113159,"[583, 742, 866, 995]"
2025-09-17 23:20:55.254045,930,0,cheating,0.5443282127380371,"[583, 741, 866, 994]"
2025-09-17 23:20:55.334630,931,0,cheating,0.5722758173942566,"[583, 740, 866, 993]"
2025-09-17 23:20:55.417303,932,0,cheating,0.5489659309387207,"[583, 739, 866, 994]"
2025-09-17 23:20:55.490761,933,0,cheating,0.5654708743095398,"[583, 736, 866, 992]"
2025-09-17 23:20:55.565013,934,0,cheating,0.5296088457107544,"[583, 734, 867, 994]"
2025-09-17 23:20:56.609369,948,1,not_cheating,0.5067271590232849,"[583, 732, 867, 1000]"
2025-09-17 23:20:56.693907,949,1,not_cheating,0.5039495825767517,"[583, 733, 867, 1000]"
2025-09-17 23:20:56.777067,950,1,not_cheating,0.5036863684654236,"[584, 733, 867, 1001]"
2025-09-17 23:20:57.140150,955,1,not_cheating,0.5009393692016602,"[585, 736, 868, 1000]"
2025-09-17 23:20:57.213318,956,1,not_cheating,0.5004225969314575,"[585, 736, 868, 1000]"
2025-09-17 23:20:57.284195,957,1,not_cheating,0.5051353573799133,"[585, 736, 868, 1000]"
2025-09-17 23:20:57.359672,958,1,not_cheating,0.5015504360198975,"[585, 736, 868, 1000]"
2025-09-17 23:20:57.435151,959,1,not_cheating,0.5024251341819763,"[585, 736, 868, 1000]"
2025-09-17 23:20:57.654988,962,1,not_cheating,0.5056508779525757,"[585, 737, 868, 999]"
2025-09-17 23:20:57.724834,963,1,not_cheating,0.5073522925376892,"[586, 737, 868, 999]"
2025-09-17 23:20:57.793668,964,1,not_cheating,0.5217276811599731,"[585, 736, 868, 999]"
2025-09-17 23:20:57.863330,965,1,not_cheating,0.5320749282836914,"[585, 736, 868, 999]"
2025-09-17 23:20:57.951997,966,1,not_cheating,0.5330720543861389,"[584, 736, 867, 1000]"
2025-09-17 23:20:58.030467,967,1,not_cheating,0.5217283964157104,"[583, 735, 867, 999]"
2025-09-17 23:20:58.113017,968,1,not_cheating,0.5262497067451477,"[583, 735, 867, 999]"
2025-09-17 23:20:58.185116,969,1,not_cheating,0.5184049606323242,"[583, 735, 867, 998]"
2025-09-17 23:20:58.256653,970,1,not_cheating,0.5241539478302002,"[582, 735, 867, 997]"
2025-09-17 23:20:58.332361,971,1,not_cheating,0.5252315998077393,"[582, 735, 867, 997]"
